<?xml version="1.0" encoding="UTF-8"?>
<project-private xmlns="http://www.netbeans.org/ns/project-private/1">
    <editor-bookmarks xmlns="http://www.netbeans.org/ns/editor-bookmarks/2" lastBookmarkId="0"/>
    <open-files xmlns="http://www.netbeans.org/ns/projectui-open-files/2">
        <group>
            <file>file:/N:/Desktop/INSEC2-master/src/team2c/UniTrend.jpg</file>
            <file>file:/N:/Desktop/INSEC2-master/src/team2c/Team2C.java</file>
            <file>file:/N:/Desktop/INSEC2-master/src/team2c/Login.java</file>
        </group>
    </open-files>
</project-private>
